Metric,Value
Accuracy,0.45645469231898955
F1_Score_Macro,0.44116811318044746
