Metric,Value
Accuracy,0.7849904538111323
F1_Score_Macro,0.7679916302468631
