Metric,Value
Accuracy,0.6381260096930533
F1_Score_Macro,0.6214599377664873
