Metric,Value
Accuracy,0.7794096049346453
F1_Score_Macro,0.7634583980802753
